code 1,Group 10,Network Operations Team
code 1,Group 12,Network Operations Team
code 1,Group 15,Network Operations Team
code 1,Group 17,Network Operations Team
code 1,Group 22,Network Operations Team
code 1,Group 24,Network Operations Team
code 1,Group 27,Network Operations Team
code 1,Group 28,Network Operations Team
code 1,Group 29,Network Operations Team
code 1,Group 3,Network Operations Team
code 1,Group 31,Network Operations Team
code 1,Group 33,Network Operations Team
code 1,Group 34,Network Operations Team
code 1,Group 35,Network Operations Team
code 1,Group 37,Network Operations Team
code 1,Group 45,Network Operations Team
code 1,Group 48,Network Operations Team
code 1,Group 5,Network Operations Team
code 1,Group 54,Network Operations Team
code 1,Group 55,Network Operations Team
code 1,Group 56,Network Operations Team
code 1,Group 57,Network Operations Team
code 1,Group 58,Network Operations Team
code 1,Group 6,Network Operations Team
code 1,Group 62,Network Operations Team
code 1,Group 65,Network Operations Team
code 1,Group 66,Network Operations Team
code 1,Group 67,Network Operations Team
code 1,Group 68,Network Operations Team
code 1,Group 69,Network Operations Team
code 1,Group 70,Network Operations Team
code 1,Group 72,Network Operations Team
code 1,Group 73,Network Operations Team
code 1,Group 74,Network Operations Team
code 1,Group 75,Network Operations Team
code 1,Group 76,Network Operations Team
code 1,Group 77,Network Operations Team
code 1,Group 78,Network Operations Team
code 1,Group 81,Network Operations Team
code 1,Group 9,Network Operations Team
code 1,Unknown,Unknown
code 10,Group 12,Vendor Management Team
code 10,Group 20,Vendor Management Team
code 10,Group 21,Vendor Management Team
code 10,Group 22,Vendor Management Team
code 10,Group 24,Vendor Management Team
code 10,Group 25,Vendor Management Team
code 10,Group 27,Vendor Management Team
code 10,Group 28,Vendor Management Team
code 10,Group 29,Vendor Management Team
code 10,Group 30,Vendor Management Team
code 10,Group 33,Vendor Management Team
code 10,Group 34,Vendor Management Team
code 10,Group 35,Vendor Management Team
code 10,Group 44,Vendor Management Team
code 10,Group 45,Vendor Management Team
code 10,Group 47,Vendor Management Team
code 10,Group 49,Vendor Management Team
code 10,Group 5,Vendor Management Team
code 10,Group 50,Vendor Management Team
code 10,Group 51,Vendor Management Team
code 10,Group 54,Vendor Management Team
code 10,Group 55,Vendor Management Team
code 10,Group 57,Vendor Management Team
code 10,Group 60,Vendor Management Team
code 10,Group 62,Vendor Management Team
code 10,Group 64,Vendor Management Team
code 10,Group 65,Vendor Management Team
code 10,Group 66,Vendor Management Team
code 10,Group 69,Vendor Management Team
code 10,Group 70,Vendor Management Team
code 10,Group 72,Vendor Management Team
code 10,Group 73,Vendor Management Team
code 10,Group 74,Vendor Management Team
code 10,Group 75,Vendor Management Team
code 10,Group 76,Vendor Management Team
code 10,Group 79,Vendor Management Team
code 10,Group 80,Vendor Management Team
code 10,Group 9,Vendor Management Team
code 10,Unknown,Unknown
code 11,Group 12,Database Administration Team
code 11,Group 21,Database Administration Team
code 11,Group 23,Database Administration Team
code 11,Group 24,Database Administration Team
code 11,Group 25,Database Administration Team
code 11,Group 27,Database Administration Team
code 11,Group 28,Database Administration Team
code 11,Group 29,Database Administration Team
code 11,Group 5,Database Administration Team
code 11,Group 51,Database Administration Team
code 11,Group 53,Database Administration Team
code 11,Group 54,Database Administration Team
code 11,Group 57,Database Administration Team
code 11,Group 6,Database Administration Team
code 11,Group 62,Database Administration Team
code 11,Group 65,Database Administration Team
code 11,Group 70,Database Administration Team
code 11,Group 72,Database Administration Team
code 11,Group 73,Database Administration Team
code 11,Group 74,Database Administration Team
code 11,Group 76,Database Administration Team
code 11,Group 78,Database Administration Team
code 11,Group 79,Database Administration Team
code 11,Group 80,Database Administration Team
code 11,Group 9,Database Administration Team
code 11,Unknown,Unknown
code 12,Group 70,Security Operations Team
code 13,Group 23,Application Support Team
code 13,Group 24,Application Support Team
code 13,Group 65,Application Support Team
code 13,Group 70,Application Support Team
code 13,Group 73,Application Support Team
code 14,Group 70,Integration Support Team
code 14,Group 72,Integration Support Team
code 14,Group 9,Integration Support Team
code 15,Group 24,DevOps Team
code 15,Group 28,DevOps Team
code 15,Group 31,DevOps Team
code 15,Group 53,DevOps Team
code 15,Group 65,DevOps Team
code 15,Group 70,DevOps Team
code 15,Group 74,DevOps Team
code 15,Group 76,DevOps Team
code 16,Group 24,Infrastructure Operations Team
code 16,Group 25,Infrastructure Operations Team
code 16,Group 28,Infrastructure Operations Team
code 16,Group 29,Infrastructure Operations Team
code 16,Group 33,Infrastructure Operations Team
code 16,Group 70,Infrastructure Operations Team
code 16,Group 72,Infrastructure Operations Team
code 16,Group 73,Infrastructure Operations Team
code 16,Group 75,Infrastructure Operations Team
code 16,Group 76,Infrastructure Operations Team
code 16,Group 77,Infrastructure Operations Team
code 16,Group 9,Infrastructure Operations Team
code 16,Unknown,Unknown
code 17,Group 23,Service Desk Team
code 17,Group 29,Service Desk Team
code 17,Group 65,Service Desk Team
code 17,Group 70,Service Desk Team
code 17,Group 76,Service Desk Team
code 2,Group 10,Database Administration Team
code 2,Group 22,Database Administration Team
code 2,Group 28,Database Administration Team
code 2,Group 29,Database Administration Team
code 2,Group 31,Database Administration Team
code 2,Group 33,Database Administration Team
code 2,Group 37,Database Administration Team
code 2,Group 6,Database Administration Team
code 2,Group 65,Database Administration Team
code 2,Group 66,Database Administration Team
code 2,Group 70,Database Administration Team
code 2,Group 72,Database Administration Team
code 2,Group 74,Database Administration Team
code 2,Group 76,Database Administration Team
code 2,Group 81,Database Administration Team
code 3,Group 10,Application Support Team
code 3,Group 22,Application Support Team
code 3,Group 24,Application Support Team
code 3,Group 25,Application Support Team
code 3,Group 28,Application Support Team
code 3,Group 29,Application Support Team
code 3,Group 37,Application Support Team
code 3,Group 5,Application Support Team
code 3,Group 53,Application Support Team
code 3,Group 55,Application Support Team
code 3,Group 57,Application Support Team
code 3,Group 66,Application Support Team
code 3,Group 70,Application Support Team
code 3,Group 72,Application Support Team
code 3,Group 73,Application Support Team
code 3,Group 74,Application Support Team
code 3,Group 75,Application Support Team
code 3,Group 76,Application Support Team
code 3,Group 8,Application Support Team
code 3,Group 9,Application Support Team
code 4,Group 20,IT Support Team
code 4,Group 22,IT Support Team
code 4,Group 23,IT Support Team
code 4,Group 24,IT Support Team
code 4,Group 25,IT Support Team
code 4,Group 26,IT Support Team
code 4,Group 29,IT Support Team
code 4,Group 30,IT Support Team
code 4,Group 35,IT Support Team
code 4,Group 37,IT Support Team
code 4,Group 5,IT Support Team
code 4,Group 55,IT Support Team
code 4,Group 57,IT Support Team
code 4,Group 6,IT Support Team
code 4,Group 60,IT Support Team
code 4,Group 65,IT Support Team
code 4,Group 68,IT Support Team
code 4,Group 70,IT Support Team
code 4,Group 73,IT Support Team
code 4,Group 74,IT Support Team
code 4,Group 76,IT Support Team
code 4,Group 9,IT Support Team
code 5,Group 17,Infrastructure Operations Team
code 5,Group 20,Infrastructure Operations Team
code 5,Group 23,Infrastructure Operations Team
code 5,Group 24,Infrastructure Operations Team
code 5,Group 25,Infrastructure Operations Team
code 5,Group 27,Infrastructure Operations Team
code 5,Group 29,Infrastructure Operations Team
code 5,Group 3,Infrastructure Operations Team
code 5,Group 31,Infrastructure Operations Team
code 5,Group 46,Infrastructure Operations Team
code 5,Group 49,Infrastructure Operations Team
code 5,Group 50,Infrastructure Operations Team
code 5,Group 54,Infrastructure Operations Team
code 5,Group 56,Infrastructure Operations Team
code 5,Group 58,Infrastructure Operations Team
code 5,Group 61,Infrastructure Operations Team
code 5,Group 62,Infrastructure Operations Team
code 5,Group 64,Infrastructure Operations Team
code 5,Group 65,Infrastructure Operations Team
code 5,Group 66,Infrastructure Operations Team
code 5,Group 69,Infrastructure Operations Team
code 5,Group 70,Infrastructure Operations Team
code 5,Group 72,Infrastructure Operations Team
code 5,Group 73,Infrastructure Operations Team
code 5,Group 74,Infrastructure Operations Team
code 5,Group 76,Infrastructure Operations Team
code 5,Group 77,Infrastructure Operations Team
code 5,Group 79,Infrastructure Operations Team
code 5,Group 81,Infrastructure Operations Team
code 5,Group 9,Infrastructure Operations Team
code 6,Group 10,Security Operations Team
code 6,Group 12,Security Operations Team
code 6,Group 14,Security Operations Team
code 6,Group 15,Security Operations Team
code 6,Group 17,Security Operations Team
code 6,Group 19,Security Operations Team
code 6,Group 2,Security Operations Team
code 6,Group 20,Security Operations Team
code 6,Group 21,Security Operations Team
code 6,Group 22,Security Operations Team
code 6,Group 23,Security Operations Team
code 6,Group 24,Security Operations Team
code 6,Group 25,Security Operations Team
code 6,Group 26,Security Operations Team
code 6,Group 27,Security Operations Team
code 6,Group 28,Security Operations Team
code 6,Group 29,Security Operations Team
code 6,Group 3,Security Operations Team
code 6,Group 30,Security Operations Team
code 6,Group 31,Security Operations Team
code 6,Group 32,Security Operations Team
code 6,Group 33,Security Operations Team
code 6,Group 34,Security Operations Team
code 6,Group 35,Security Operations Team
code 6,Group 37,Security Operations Team
code 6,Group 39,Security Operations Team
code 6,Group 43,Security Operations Team
code 6,Group 44,Security Operations Team
code 6,Group 45,Security Operations Team
code 6,Group 46,Security Operations Team
code 6,Group 47,Security Operations Team
code 6,Group 48,Security Operations Team
code 6,Group 49,Security Operations Team
code 6,Group 5,Security Operations Team
code 6,Group 50,Security Operations Team
code 6,Group 51,Security Operations Team
code 6,Group 53,Security Operations Team
code 6,Group 54,Security Operations Team
code 6,Group 55,Security Operations Team
code 6,Group 56,Security Operations Team
code 6,Group 57,Security Operations Team
code 6,Group 58,Security Operations Team
code 6,Group 59,Security Operations Team
code 6,Group 6,Security Operations Team
code 6,Group 60,Security Operations Team
code 6,Group 61,Security Operations Team
code 6,Group 62,Security Operations Team
code 6,Group 63,Security Operations Team
code 6,Group 64,Security Operations Team
code 6,Group 65,Security Operations Team
code 6,Group 66,Security Operations Team
code 6,Group 67,Security Operations Team
code 6,Group 68,Security Operations Team
code 6,Group 69,Security Operations Team
code 6,Group 70,Security Operations Team
code 6,Group 71,Security Operations Team
code 6,Group 72,Security Operations Team
code 6,Group 73,Security Operations Team
code 6,Group 74,Security Operations Team
code 6,Group 75,Security Operations Team
code 6,Group 76,Security Operations Team
code 6,Group 77,Security Operations Team
code 6,Group 78,Security Operations Team
code 6,Group 79,Security Operations Team
code 6,Group 8,Security Operations Team
code 6,Group 80,Security Operations Team
code 6,Group 81,Security Operations Team
code 6,Group 82,Security Operations Team
code 6,Group 9,Security Operations Team
code 6,Unknown,Unknown
code 7,Group 10,Integration Support Team
code 7,Group 12,Integration Support Team
code 7,Group 13,Integration Support Team
code 7,Group 15,Integration Support Team
code 7,Group 17,Integration Support Team
code 7,Group 20,Integration Support Team
code 7,Group 21,Integration Support Team
code 7,Group 22,Integration Support Team
code 7,Group 23,Integration Support Team
code 7,Group 24,Integration Support Team
code 7,Group 25,Integration Support Team
code 7,Group 27,Integration Support Team
code 7,Group 28,Integration Support Team
code 7,Group 29,Integration Support Team
code 7,Group 3,Integration Support Team
code 7,Group 30,Integration Support Team
code 7,Group 31,Integration Support Team
code 7,Group 33,Integration Support Team
code 7,Group 34,Integration Support Team
code 7,Group 35,Integration Support Team
code 7,Group 37,Integration Support Team
code 7,Group 41,Integration Support Team
code 7,Group 43,Integration Support Team
code 7,Group 46,Integration Support Team
code 7,Group 48,Integration Support Team
code 7,Group 49,Integration Support Team
code 7,Group 5,Integration Support Team
code 7,Group 50,Integration Support Team
code 7,Group 51,Integration Support Team
code 7,Group 53,Integration Support Team
code 7,Group 54,Integration Support Team
code 7,Group 55,Integration Support Team
code 7,Group 56,Integration Support Team
code 7,Group 57,Integration Support Team
code 7,Group 58,Integration Support Team
code 7,Group 6,Integration Support Team
code 7,Group 60,Integration Support Team
code 7,Group 61,Integration Support Team
code 7,Group 62,Integration Support Team
code 7,Group 63,Integration Support Team
code 7,Group 64,Integration Support Team
code 7,Group 65,Integration Support Team
code 7,Group 66,Integration Support Team
code 7,Group 67,Integration Support Team
code 7,Group 68,Integration Support Team
code 7,Group 69,Integration Support Team
code 7,Group 7,Integration Support Team
code 7,Group 70,Integration Support Team
code 7,Group 72,Integration Support Team
code 7,Group 73,Integration Support Team
code 7,Group 74,Integration Support Team
code 7,Group 75,Integration Support Team
code 7,Group 76,Integration Support Team
code 7,Group 77,Integration Support Team
code 7,Group 78,Integration Support Team
code 7,Group 79,Integration Support Team
code 7,Group 81,Integration Support Team
code 7,Group 82,Integration Support Team
code 7,Group 9,Integration Support Team
code 7,Unknown,Unknown
code 8,Group 10,Performance Engineering Team
code 8,Group 12,Performance Engineering Team
code 8,Group 14,Performance Engineering Team
code 8,Group 15,Performance Engineering Team
code 8,Group 17,Performance Engineering Team
code 8,Group 20,Performance Engineering Team
code 8,Group 22,Performance Engineering Team
code 8,Group 24,Performance Engineering Team
code 8,Group 25,Performance Engineering Team
code 8,Group 27,Performance Engineering Team
code 8,Group 29,Performance Engineering Team
code 8,Group 30,Performance Engineering Team
code 8,Group 31,Performance Engineering Team
code 8,Group 33,Performance Engineering Team
code 8,Group 37,Performance Engineering Team
code 8,Group 38,Performance Engineering Team
code 8,Group 48,Performance Engineering Team
code 8,Group 5,Performance Engineering Team
code 8,Group 50,Performance Engineering Team
code 8,Group 53,Performance Engineering Team
code 8,Group 54,Performance Engineering Team
code 8,Group 55,Performance Engineering Team
code 8,Group 56,Performance Engineering Team
code 8,Group 57,Performance Engineering Team
code 8,Group 58,Performance Engineering Team
code 8,Group 59,Performance Engineering Team
code 8,Group 6,Performance Engineering Team
code 8,Group 64,Performance Engineering Team
code 8,Group 65,Performance Engineering Team
code 8,Group 66,Performance Engineering Team
code 8,Group 67,Performance Engineering Team
code 8,Group 69,Performance Engineering Team
code 8,Group 70,Performance Engineering Team
code 8,Group 71,Performance Engineering Team
code 8,Group 72,Performance Engineering Team
code 8,Group 73,Performance Engineering Team
code 8,Group 74,Performance Engineering Team
code 8,Group 75,Performance Engineering Team
code 8,Group 76,Performance Engineering Team
code 8,Group 78,Performance Engineering Team
code 8,Group 9,Performance Engineering Team
code 8,Unknown,Unknown
code 9,Group 12,Infrastructure Operations Team
code 9,Group 19,Infrastructure Operations Team
code 9,Group 20,Infrastructure Operations Team
code 9,Group 22,Infrastructure Operations Team
code 9,Group 23,Infrastructure Operations Team
code 9,Group 24,Infrastructure Operations Team
code 9,Group 25,Infrastructure Operations Team
code 9,Group 27,Infrastructure Operations Team
code 9,Group 28,Infrastructure Operations Team
code 9,Group 29,Infrastructure Operations Team
code 9,Group 3,Infrastructure Operations Team
code 9,Group 30,Infrastructure Operations Team
code 9,Group 33,Infrastructure Operations Team
code 9,Group 34,Infrastructure Operations Team
code 9,Group 37,Infrastructure Operations Team
code 9,Group 44,Infrastructure Operations Team
code 9,Group 45,Infrastructure Operations Team
code 9,Group 46,Infrastructure Operations Team
code 9,Group 47,Infrastructure Operations Team
code 9,Group 49,Infrastructure Operations Team
code 9,Group 5,Infrastructure Operations Team
code 9,Group 50,Infrastructure Operations Team
code 9,Group 51,Infrastructure Operations Team
code 9,Group 53,Infrastructure Operations Team
code 9,Group 54,Infrastructure Operations Team
code 9,Group 55,Infrastructure Operations Team
code 9,Group 56,Infrastructure Operations Team
code 9,Group 57,Infrastructure Operations Team
code 9,Group 58,Infrastructure Operations Team
code 9,Group 6,Infrastructure Operations Team
code 9,Group 60,Infrastructure Operations Team
code 9,Group 62,Infrastructure Operations Team
code 9,Group 65,Infrastructure Operations Team
code 9,Group 66,Infrastructure Operations Team
code 9,Group 67,Infrastructure Operations Team
code 9,Group 68,Infrastructure Operations Team
code 9,Group 69,Infrastructure Operations Team
code 9,Group 70,Infrastructure Operations Team
code 9,Group 72,Infrastructure Operations Team
code 9,Group 73,Infrastructure Operations Team
code 9,Group 74,Infrastructure Operations Team
code 9,Group 75,Infrastructure Operations Team
code 9,Group 76,Infrastructure Operations Team
code 9,Group 77,Infrastructure Operations Team
code 9,Group 82,Infrastructure Operations Team
code 9,Group 9,Infrastructure Operations Team
code 9,Unknown,Unknown
Unknown,Group 10,Service Desk Team
Unknown,Group 28,Service Desk Team
Unknown,Group 33,Service Desk Team
Unknown,Group 51,Service Desk Team
Unknown,Group 55,Service Desk Team
Unknown,Group 57,Service Desk Team
Unknown,Group 58,Service Desk Team
Unknown,Group 6,Service Desk Team
Unknown,Group 65,Service Desk Team
Unknown,Group 68,Service Desk Team
Unknown,Group 70,Service Desk Team
Unknown,Group 76,Service Desk Team
Unknown,Unknown,Unknown
